gage_id,latitude,longitude,basin_area,gage_type,num_years,start_year,end_year,Qann_slp,Qann_rho,Qann_pval,Qwin_slp,Qwin_rho,Qwin_pval,Qspr_slp,Qspr_rho,Qspr_pval,Qsum_slp,Qsum_rho,Qsum_pval,Qfal_slp,Qfal_rho,Qfal_pval,Q5_slp,Q5_rho,Q5_pval,Q10_slp,Q10_rho,Q10_pval,Q20_slp,Q20_rho,Q20_pval,Q50_slp,Q50_rho,Q50_pval,Q70_slp,Q70_rho,Q70_pval,Q90_slp,Q90_rho,Q90_pval,Q95_slp,Q95_rho,Q95_pval,FDCall_slp,FDC90_slp,FDCmid_slp,FDCall_rho,FDCall_pval,FDC90th_rho,FDC90th_pval,FDCmid_rho,FDCmid_pval,flashinessRB_slp,flashinessRB_rho,flashinessRB_pval,D5_day_slp,D5_day_rho,D5_day_pval,D5_day_historical_avg,D10_day_slp,D10_day_rho,D10_day_pval,D10_day_historical_avg,D20_day_slp,D20_day_rho,D20_day_pval,D20_day_historical_avg,D30_day_slp,D30_day_rho,D30_day_pval,D30_day_historical_avg,D40_day_slp,D40_day_rho,D40_day_pval,D40_day_historical_avg,D50_day_slp,D50_day_rho,D50_day_pval,D50_day_historical_avg,D60_day_slp,D60_day_rho,D60_day_pval,D60_day_historical_avg,D70_day_slp,D70_day_rho,D70_day_pval,D70_day_historical_avg,D80_day_slp,D80_day_rho,D80_day_pval,D80_day_historical_avg,D90_day_slp,D90_day_rho,D90_day_pval,D90_day_historical_avg,D95_day_slp,D95_day_rho,D95_day_pval,D95_day_historical_avg,num_upstream_basins
15022000,56.212978,-131.638358,172.8,USGS,32,1973,2004,0.0106054543546776,0.210043988269795,0.247500835908202,0.0293388204898935,0.224706744868035,0.215433785919873,0.0447439894710114,0.266495601173021,0.140150509035053,0.0231676611269529,0.100403225806452,0.589635733076722,0.061407700844038,0.187096774193548,0.312144067981375,-0.00810149262854569,-0.239369501466276,0.186366558407965,-0.00831443986170765,-0.193033917084015,0.289820320737275,0.000548067945941052,-0.0106324474747131,0.953943979808072,-0.00980657560467776,-0.0432551319648094,0.813843350773456,-0.00450417392882732,0.0825082563725805,0.653478960035829,0.0460434165000877,0.287023460410557,0.111264042037675,0.089922587418199,0.339809384164223,0.0576501489176791,-0.00127335249050604,-0.00321804918469716,0.0040346468488661,-0.0667155425219941,0.715932820686707,-0.0282258064516129,0.878180359919894,0.146260997067449,0.422843845841448,0.00267864323015328,0.373533724340176,0.0359558553607445,-0.166666666666667,-0.07702389392909,0.680456432871933,59,-0.04,-0.0387252956073695,0.836142465494691,103,-0.0833333333333333,-0.103232533889683,0.580513669566469,144,-0.285714285714286,-0.22785077190722,0.217657607042417,166,-0.181818181818182,-0.169899336597306,0.360846200729801,186,0,-0.0280609911518474,0.880886267296478,206,0.230769230769231,0.110381488621135,0.554430957167137,231,0,0.0656766449659956,0.725570034433778,255,0.217391304347826,0.168113102744654,0.365991738942873,277,0.133333333333333,0.0890460385034412,0.633816814325247,302,0.0625,0.0304589045284956,0.870788975246446,325,1
15052000,58.391343,-134.422606,32,USGS,24,1973,2024,0.0225435555376284,-0.0426086956521739,0.843600684968989,0.0474952585482148,0.371304347826087,0.0748213684575652,0.0526036995732597,0.204347826086957,0.336559928740819,0.135052354783461,0.13304347826087,0.533845772177539,-0.0377425671036889,-0.34695652173913,0.0972028964341335,0.000783178041518766,0.194782608695652,0.360062143817086,0.00100311269838404,0.237391304347826,0.262790610562649,-0.00103447186005686,0.194824966553866,0.361623114583331,-0.00369761762634762,0.152173913043478,0.476082846659261,-0.0333997099322226,-0.143975655203424,0.502098940649296,0.071956860534173,-0.0156521739130435,0.943264805825545,0.180237082088826,-0.0391304347826087,0.856360276947823,0.00735557555219097,-0.0134098053346915,0.025413895602382,0.235652173913043,0.266385323479796,-0.0843478260869565,0.69437629919391,0.456521739130435,0.0260860743710409,0.000284637963941278,0.0565217391304348,0.792981802433111,-0.888888888888889,-0.428369749842267,0.0466983167953187,128,-0.666666666666667,-0.410084119620637,0.0580218465709968,148,-0.6,-0.539639761978989,0.00953924221791235,172,-0.666666666666667,-0.523042648704956,0.0124978077174032,188,-0.666666666666667,-0.534280707518885,0.0104237815377413,202,-0.4,-0.326728376350343,0.137776811572547,217,-0.166666666666667,-0.037340950155281,0.868961290479348,231,-0.25,-0.0770105011848294,0.733379845639818,244,-0.30952380952381,-0.0416125189288239,0.857864868890074,260,0.353846153846154,0.165095951071449,0.474504838362327,279,0.894871794871795,0.252275896005995,0.269919193006552,295,1
15055500,58.851624,-134.710401,67.8,USGS,28,1997,2024,6.45968222564754e-05,0.0766283524904215,0.697453327870947,0.00760884083534847,0.136836343732895,0.485825881942925,-0.0196490118977647,0.257252326217843,0.185687161075186,-0.00818250878269262,-0.113300492610837,0.56446942679075,0.0186622275925215,-0.0333880678708265,0.866224756045482,-0.00427842464120453,0.0169746763116605,0.931679191998315,-0.00457770253600029,0.181743535299885,0.354658383520672,-0.00632389350639253,0.171866447728517,0.38020576728123,-0.0155347002939442,0.121527303724622,0.537872346724708,-0.00899561901894664,-0.046530724399067,0.814116399269406,0.0314634341797741,0.0563765736179529,0.775255294000305,0.0525546006511322,0.126436781609195,0.519860605170309,0.00111698028979195,-0.029150141094887,0.00567242727986391,0.0175150519978106,0.930118674479384,-0.354679802955665,0.0647044914772604,0.0985221674876847,0.616662663370771,0.00104347920868922,0.450465243568692,0.0170156998305244,-0.9,-0.254656500421025,0.19988542648547,75,-0.5,-0.304401205457672,0.122644231151804,123,-0.5,-0.424446384849074,0.0273381812809492,150,-0.25,-0.229287947482585,0.249959903056353,167,-0.222222222222222,-0.292939179624127,0.138105194132869,183,-0.19047619047619,-0.196666545560346,0.325508950212245,202,-0.166666666666667,-0.117539472636567,0.559299064010088,224,-0.1,-0.0541368251386956,0.788553976336118,247,-0.0909090909090909,-0.0656990444510806,0.744741786437919,271,-0.0909090909090909,-0.105118471121729,0.601799078666422,297,0.222222222222222,0.0485867351987061,0.809818878784419,320,1
15056210,59.511618,-135.346275,472.3,USGS,27,1973,2024,0.0251058483025517,0.476190476190476,0.0128877921348171,0.00899937107989611,0.461538461538462,0.0162802373551635,0.0346705690581708,0.450940170940171,0.0217778005300055,0.0440774697489551,0.412649572649573,0.0371746598884908,0.011176728416439,0.120879120879121,0.546581041474111,0.00381158210266546,0.396212121044232,0.0407607456989373,0.00497639084131516,0.434809180574987,0.0234195325693267,0.00697042014962211,0.451534122189436,0.0180679362898532,0.0220324567254492,0.597771339585473,0.000992005502454944,0.0640279798926309,0.468253968253968,0.0146430401539869,0.0406282141438492,0.443833943833944,0.0213412432419714,0.0260914738185896,0.383394383394383,0.0492398527278802,0.00473319467997544,-0.00362000041891198,0.00462962336374965,0.313797313797314,0.111130385931344,-0.014041514041514,0.945385506964834,0.231990231990232,0.243180499721445,0.000273922569085956,0.214285714285714,0.281812123034388,-0.294117647058824,-0.413828809722085,0.0355877394573003,126,-0.297872340425532,-0.511644585705809,0.00754667368170295,147,-0.195121951219512,-0.298784362753377,0.138156599674106,167,-0.2,-0.383709114210387,0.0529748319002752,182,-0.133333333333333,-0.317723798066029,0.113717268952824,195,-0.127659574468085,-0.281454606654799,0.163647899475691,208,-0.133333333333333,-0.263375740056619,0.193599236158704,221,-0.142857142857143,-0.15843696862781,0.439496865540289,235,-0.1,-0.033555937796341,0.870728804424672,251,0.0833333333333333,0.0903800915891935,0.660599741850871,273,0.0555555555555556,0.0157480462617534,0.939136774566798,291,4
15072000,55.391604,-131.195583,91.2,USGS,52,1973,2024,0.0378372369421821,0.227012720908392,0.105531263728709,0.0640961462174163,0.30342354648681,0.0291696232485736,-0.00361594905673702,-0.00760180995475113,0.95787284890998,-0.00123152425079135,0.00479638009049774,0.97350559200502,0.05937051662877,0.153333902501494,0.276919498674253,0.0293410055874379,0.34881536851421,0.0112656208545822,0.0285778776703767,0.315218783638346,0.0228346944623625,0.0316258430592666,0.277310565887689,0.046554777082325,0.0393058487252321,0.238782395332562,0.0882345698129071,0.0323630961193946,0.174211863180278,0.216758853172474,0.0672702764239103,0.217109194911637,0.121947478784874,0.0995612848139871,0.235218783565451,0.0932305768614157,0.00241161276696915,0.0104347326982589,0.00227611416303062,0.306923930675318,0.0272916683133819,0.130538717664134,0.355254446103091,0.224280713736874,0.109878400437215,-0.00138491917323437,-0.624105642256903,2.28956972668397e-06,-0.130434782608696,-0.162610673641302,0.254248384725742,23,-0.388888888888889,-0.335407963199877,0.016125507176369,41,-0.25,-0.136658906071145,0.338950332217887,90,-0.2,-0.107690923789442,0.451935327557426,125,-0.2,-0.116422241926319,0.415884905464818,162,0.128205128205128,0.0472052512652566,0.742201834926991,205,-0.0666666666666667,-0.0349582364881586,0.807589447233019,247,-0.142857142857143,-0.0727782954953076,0.611783065571193,276,-0.113636363636364,-0.0797826763146671,0.577851606213701,301,-0.105263157894737,-0.0914009021523197,0.523546368756553,328,-0.117647058823529,-0.179430345851384,0.207714125895757,344,1
15085100,55.395194,-132.408627,15.3,USGS,46,1973,2018,0.0120565930558777,0.171507863089732,0.253533704358581,0.0368352195221101,0.191859389454209,0.200839786480448,-0.00211703880132949,-0.0782608695652174,0.604104506022437,0.00319363559698024,0.0130126426148628,0.931643332411351,0.00792050658471874,0.0619796484736355,0.681528665630023,-0.00313995384294673,-0.111505134346394,0.460662044072964,-0.00351089047563708,-0.134398323356509,0.373198829812324,-0.00339290552658869,-0.0805750134198547,0.594508850512897,-0.00442936642135523,-0.0411588728893824,0.785940617897965,-0.00505735718994472,0.0484268992808997,0.749274798903281,0.0525477784315425,0.243663274745606,0.102715952409987,0.110062088126857,0.257978969563588,0.0834551701114429,-0.00322715975406772,0.000355653763739205,-0.00203148191206452,-0.216281221091582,0.148506037514475,0.0246068455134135,0.8708476908388,-0.116127042861548,0.440916991306531,0.00220040936195698,0.313598519888992,0.034271130124743,-0.230769230769231,-0.339743720034977,0.0224113452568413,18,-0.288018433179724,-0.311074556710302,0.0375305044146066,32,-0.381962864721485,-0.225592784926967,0.136218860602811,64,-0.285714285714286,-0.155787680337375,0.306826529157843,97,0,-0.0301093690846951,0.844343695565543,135,0.0739247311827957,-0.003623427111098,0.981153525717249,198,-0.3125,-0.137669708930359,0.367145522101419,254,-0.142857142857143,-0.123038427736559,0.420700168917885,293,-0.0690476190476191,-0.0392260388964349,0.79808212322382,316,-0.131182795698925,-0.135183251062586,0.375945123520785,338,-0.0151515151515152,-0.0854343284085381,0.576840734726807,348,1
15087690,57.066582,-135.296763,27.5,USGS,23,1980,2006,-0.0983458510061688,-0.358695652173913,0.0934261857448003,-0.0362678270979963,-0.0177865612648221,0.937030280993332,-0.110596954689672,-0.490909090909091,0.0252514643600972,-0.0643285708418491,-0.241558441558442,0.29011027976395,0.0236355934045489,0.0728402032749859,0.747085806984358,-0.0442352640082498,-0.586956521739131,0.00383211708715202,-0.0510070586473091,-0.569451379507807,0.00456513574816549,-0.0460218879846429,-0.489735719551724,0.0176912768261351,-0.0376548903515876,-0.202819843450714,0.353333115174791,-0.0707508449422151,-0.231225296442688,0.287069408549993,-0.226516364847506,-0.353754940711462,0.0982792168432115,-0.371904677357514,-0.398221343873518,0.0608659746070666,-0.00219174755205693,0.00390285741539341,0.00047639390054929,-0.0513833992094862,0.816078946762071,0.033596837944664,0.879773721589254,0.0148221343873518,0.947808971564988,-0.0021030256663224,-0.193675889328063,0.374199876117902,0.272727272727273,0.380116188812394,0.108419556974419,21,-0.25,-0.041264282804445,0.866798447972877,46,0.7,0.179262139760932,0.462754579256205,97,1,0.428634539791041,0.0670881597938267,144,2.25,0.531578947368421,0.0207625363621823,189,1.625,0.457218122119848,0.0490508060939404,230,1.11111111111111,0.470175438596491,0.0438808632485433,259,1.59090909090909,0.626865913241994,0.00407458678690264,281,1.125,0.497805284045113,0.0300895742760229,301,0.736842105263158,0.339192087979018,0.15541641853815,331,0.5,0.37148117612036,0.117356069673992,343,1
15106920,57.662435,-135.186782,26.7,USGS,34,1973,2007,-0.0117383533640848,-0.142245989304813,0.420737361241199,0.0350300760439399,0.195416348357525,0.26691493972352,-0.0302606693690994,-0.186163101604278,0.298306308345783,-0.0489583010448475,-0.359291443850267,0.0407042276352888,0.0176420864550548,0.144385026737968,0.413724290540479,0.00171966369139807,0.102791654641753,0.562933391276228,0.00280766982275491,0.0960038953566951,0.589124202176052,0.0052088327369309,0.0958936009511657,0.589554159754389,-0.00500739792175744,-0.0810211841110659,0.648742482535143,-0.0197733630352518,-0.17269046071522,0.328742957772102,-0.0594740672176173,-0.291978609625668,0.0940128199521914,-0.0511089217616718,-0.185943468296409,0.291147723604223,0.00355773667891763,0.0123257743620635,0.00653560803353179,0.300534759358289,0.0844445634471543,0.094881588999236,0.592209512907232,0.19083269671505,0.278467994786847,0.00193774963387758,0.293200916730328,0.0925968561846614,-0.117647058823529,-0.101948205263906,0.585256503046461,26,-0.5,-0.140135094975701,0.452112502312517,53,0.05,-0.0669489830107382,0.720463114473128,94,0.222222222222222,0.0494350443499413,0.791708144469273,123,0.866666666666667,0.249924388813285,0.1751087108473,158,2.14814814814815,0.363379721040211,0.0444999929930431,208,1.375,0.424853819988979,0.0172006586790961,251,0.8125,0.381682539135398,0.0341119649555378,282,0.434782608695652,0.426163685766545,0.0168243476698907,303,0.571428571428571,0.333232620302007,0.0669704181725976,330,0.454545454545455,0.370520364294364,0.0401819210705472,344,1
15129500,59.586366,-139.494188,93.1,USGS,37,1988,2024,0.0197230261702353,0.11190137505927,0.50823822502749,0.00708179745740452,0.152678994784258,0.365593786728641,-0.0214112504888306,-0.129445234708393,0.443662227548405,0.0418693744302426,0.222380275011854,0.185257912597475,0.0366130247958495,0.00782361308677098,0.96371123871663,-0.0146925053894428,-0.160739687055477,0.340581418353701,-0.0169238532865153,-0.153627311522048,0.362594920648774,-0.0152375860191088,-0.184706581025349,0.273773356086489,0.00106536504369508,0.0349816220404152,0.837146854414257,0.0263450445834439,0.146752015173068,0.384674106235032,0.090183462459033,0.159326655487043,0.346234438388968,0.0968105314472105,0.155998103366524,0.355163226688062,-0.00611191047339744,-0.0227099656685101,-0.00623629436237862,-0.348032242769085,0.0353907767835768,-0.21384542437174,0.203035903420321,-0.429113323850166,0.0085383129619791,0.00114686718649117,0.417733522996681,0.010628075587266,-0.181818181818182,-0.260718655665977,0.124586394220504,22,-0.491379310344828,-0.342496654877717,0.0408782464665148,42,-0.0773809523809524,-0.0323224572974623,0.851551513690647,92,0.166122004357298,0.116776112740708,0.497609671910548,135,0.233031674208145,0.0685037433128841,0.691379491203318,186,0,0.0167364025405015,0.922820796990575,228,-0.162280701754386,-0.0753672134388862,0.662208156592678,257,-0.0151515151515152,-0.0153241929019841,0.929316091089973,280,0,-0.0155787316886722,0.928145025059034,303,-0.0851449275362319,-0.109386137876084,0.525386424188629,329,-0.174442190669371,-0.176758661261798,0.302413438159059,345,1
15129600,59.523587,-139.745273,6.1,USGS,22,1991,2012,-0.0760369352144722,-0.159796725014116,0.475780705047173,-0.0304892791062477,-0.0513833992094862,0.820705175048451,-0.107579866722265,-0.277922077922078,0.221707130967851,0.0137333518540825,-0.0116883116883117,0.961751757437391,0.00889788061431845,0.0592885375494071,0.793372294833224,-0.0851101613374003,-0.447769621682665,0.037957524289565,-0.0956624059073259,-0.470355731225296,0.0284940676240558,-0.106243298900093,-0.45115753811406,0.0363968851268159,-0.0881148486895876,-0.313227235014105,0.155776339698255,-0.0574259334384206,-0.0948884533743404,0.674458532676685,-0.0636357338678157,-0.131036435612184,0.561068865466991,-0.00161925868236556,-0.038961038961039,0.864063931181214,-0.0306110889464488,-0.0177390481231283,-0.0396522625278158,-0.464709203839639,0.0306589932034184,-0.0412196499153021,0.856147866221346,-0.477131564088086,0.0260606373180838,0.000212572933641993,0.0660643704121965,0.770132297189237,-0.0333333333333333,-0.0581356465664557,0.807652723438367,22,-0.211111111111111,-0.141513074773128,0.551760888260219,39,0.25,0.0285821757708199,0.904786769261553,79,3.38181818181818,0.324812030075188,0.162246024550092,123,2.6,0.16998872958435,0.473680280652264,184,1.13368983957219,0.172245217145204,0.46774108299012,233,0.857843137254902,0.246895151731841,0.293989287109257,270,0.811764705882353,0.254903120573564,0.278097620067232,296,0.333333333333333,0.172374968739608,0.46740072061509,317,0.0277777777777778,0.0346255395721484,0.884772307936585,338,0.0982142857142857,0.0980767628622867,0.680805029014594,350,1
15200280,62.520392,-145.533015,4314.5,USGS,39,1973,2024,0.00234919748436692,0.226113360323887,0.165851735808098,0.00202000600935019,0.45508261297735,0.00445404546311193,3.14067487260815e-05,0.155268628952839,0.350606036786005,0.00331897925930977,0.143888828099354,0.387368812526602,0.00581149817025686,0.366194331983806,0.0224456163987025,0.000201184000079446,0.227871218898349,0.162958781187385,3.41282032207338e-05,0.18055698516994,0.271348398959181,0.000335014807675786,0.301009190874968,0.0625905000107248,0.00235489642760047,0.348046170324859,0.0299143313906597,0.00307609864101134,0.25203704673201,0.121653883914775,0.00145754896323153,0.000303659092448204,0.998536162345487,0.00578248034083799,0.0281376518218624,0.864810670282197,0.00158686594042397,0.00260218982638296,8.05494552054923e-05,0.101012145748988,0.539306011262743,0.0890688259109312,0.588521489210379,0.0133603238866397,0.93583326135982,-4.37249635531975e-05,-0.0200404858299595,0.903632263078095,-0.371710526315789,-0.193305862842334,0.289128257336963,65,-0.374125874125874,-0.277986643310483,0.123436242066612,114,-0.1,-0.178096295887887,0.329457256968136,136,-0.075046904315197,-0.122958442439095,0.502580080894694,148,-0.0408163265306122,-0.0359501197269748,0.845129556570339,162,0.0634615384615385,0.114830819641167,0.531437866950908,180,0.25,0.168608470394344,0.356281289619114,202,0.5,0.35601623668397,0.0455139980581304,227,0.404081632653061,0.382139950302802,0.0308986436179584,254,0.255813953488372,0.312678342161929,0.0814396771531024,290,0.158947368421053,0.205599148862405,0.258946912446244,319,38
15216000,60.586675,-145.620022,53.8,USGS,23,1973,1995,0.0831569351948636,0.352766798418972,0.0992722027818121,0.0407240428315696,0.262845849802372,0.224704381741743,0.125025051386385,0.553359683794466,0.00697922028745881,0.0581781415622187,0.128458498023715,0.557645356240123,0.219808663603187,0.128458498023715,0.557645356240123,0.0383305306582717,0.476379290836677,0.0215603574208449,0.038276607285716,0.45708667158161,0.028324193912665,0.0416917542142366,0.435086164943722,0.0379964458147685,0.0804356973954224,0.216456641152175,0.321185199470101,0.150500132802663,0.403162055335968,0.0575165294026865,0.0858325282653534,0.215468254662896,0.323453757970098,0.0742704584665434,0.0938735177865613,0.669182220858267,0.0120111790825692,0.0194831106136785,0.0132189976943036,0.371541501976285,0.0816573027030525,0.108695652173913,0.62034433682104,0.24703557312253,0.254632241423355,-0.00039958788267086,-0.0681818181818182,0.756955760331996,-0.625,-0.135066451467417,0.548976307946067,75,-0.555555555555556,-0.284987562105187,0.198603578458995,120,-0.5,-0.323621568012435,0.141781104938109,160,-0.3,-0.207131260768048,0.35501415096181,180,-0.285714285714286,-0.091525438335958,0.685414465305236,200,-0.166666666666667,-0.0638598703590715,0.777687993946291,219,-0.357142857142857,-0.167326279918701,0.456701441183483,236,-0.25,-0.0627118744153786,0.781589952112574,255,-0.4,-0.142978293812788,0.52558744484314,273,-0.235294117647059,-0.0764008748734605,0.73541701311071,296,0.333333333333333,0.1056198856012,0.639930615831764,320,1
15237730,60.197774,-149.375484,15.6,USGS,28,1997,2024,-0.0160847418470251,-0.145046524356869,0.459795680586461,-0.00607587396780107,-0.0136836343732895,0.945621518289797,-0.0318437388051768,-0.200875752599891,0.303963490781886,-0.0255019264989057,-0.139025725232622,0.478810835891858,-0.00259090708304774,0.0519978106185003,0.792395459719542,-0.00438894984828025,-0.211577940943993,0.279778815408602,-0.00398517461714614,-0.170224411603722,0.384831770112973,-0.00301791672622516,-0.133552271483306,0.496447383327289,0.0055532775211572,0.140490242430055,0.475808878867636,0.00179880094996939,0.0739321030910622,0.708487590397848,-0.0807095504261278,-0.328407224958949,0.0883756419352008,-0.111555917897574,-0.386973180076628,0.042780772722046,0.000453583059559223,0.00210250111735065,-0.00169997901673925,0.0350301039956212,0.859655644444414,0.0651340996168582,0.741295052103315,-0.100164203612479,0.610764330074006,4.64611483106291e-05,0.0262725779967159,0.894787775949697,-0.333333333333333,-0.126183982122993,0.530554032261245,36,-0.466666666666667,-0.0684073976186635,0.734584803334422,70,0.181818181818182,0.0623186373886071,0.757477644809835,112,0.173913043478261,0.104603357047649,0.603590716039935,132,0.45,0.172850835054302,0.388590697090533,155,1.34782608695652,0.25721712098631,0.19524500544727,188,1.83333333333333,0.335521298367944,0.0870954183029466,222,1.27272727272727,0.252901696545807,0.203108828504,263,0.6,0.15062639996764,0.453292691687562,295,0.5,0.309691587733145,0.115952862748414,322,0.117647058823529,0.0278117567235424,0.890475767575452,339,1
15238600,60.068881,-149.454364,23.8,USGS,27,1973,2009,-0.00509930313540172,-0.00793650793650794,0.969642934526288,0.0305243953057157,0.307692307692308,0.118544084913807,0.0449613476597626,0.247863247863248,0.221215006099198,-0.0626041780105438,-0.169230769230769,0.406830485557774,-0.090581790333614,-0.155067155067155,0.438224052177951,0.00181866275814511,0.134210452812084,0.504511194467405,0.00411317803758689,0.160604752559137,0.423564178412227,0.0102857744653483,0.196761463649412,0.325270820380704,0.0215992476984459,0.125801532582089,0.531810711986521,0.0174382625980018,0.105006105006105,0.600851100473137,-0.066058702818981,-0.141025641025641,0.481235792657134,-0.162458586606811,-0.129426129426129,0.518354741153672,0.0274656439419295,-0.150735966353475,0.0149805138248371,0.177045177045177,0.375350795169915,-0.43694658525478,0.0226711795268488,0.23015873015873,0.247003076864068,-0.000898278569299443,-0.142857142857143,0.475504149979854,-0.294372294372294,-0.15571989293905,0.467474460086961,120,-0.218253968253968,-0.270235089291381,0.201558875949077,146,-0.351470588235294,-0.387462237295909,0.0613905264882568,164,-0.297058823529412,-0.355898589846556,0.0878467421798225,178,-0.270979020979021,-0.281917880393142,0.181993672219562,192,-0.344951923076923,-0.190124034394671,0.373547961789483,211,-0.232142857142857,-0.162315118044581,0.448585482112037,228,-0.0791925465838509,-0.0665941634732028,0.757191696842429,246,0.0729166666666667,0.0892274739346834,0.678422288213086,265,0.269323671497585,0.136610862242395,0.524436441289685,290,0.455555555555556,0.248422937389833,0.241795059429301,307,1
15239050,59.777746,-150.756295,23.7,USGS,46,1979,2024,0.00596723479284991,0.0593894542090657,0.694180796835642,0.00141009927259534,0.241443108233118,0.105962263676366,0.0100267531901603,0.316864295125165,0.0344092062908856,-0.0113725618275925,-0.0662714097496706,0.664426940006279,0.0143648664554715,0.0755473327166204,0.616740150875677,0.00122270353898885,0.182234538750665,0.225458284364885,0.0015394824091778,0.243648103502626,0.10273860277854,0.000753309550102035,0.221186600886198,0.139610834672689,0.0149733690251252,0.350907712705117,0.0167999374033395,0.0186360809427485,0.142028985507246,0.345261697585896,-0.00166672109440635,-0.0499599090953522,0.741607456891596,-0.00894000418953386,-0.10009250693802,0.506851880305286,0.001693192501079,-0.00106214836494768,0.00198867204546215,0.141165587419056,0.348225700943238,-0.0248535306814678,0.869560952985694,0.0809744064138144,0.591583468920937,-0.000529339780763734,-0.236632747456059,0.113267217218523,-0.131006864988558,-0.173953266762599,0.253115099040388,145,-0.13961038961039,-0.24715434203265,0.101669866903351,163,-0.2,-0.368881709776887,0.012647903948598,179,-0.206896551724138,-0.321874406937487,0.0310692691035916,191,-0.142857142857143,-0.217531995899904,0.151161849233158,203,-0.1225,-0.169052306092012,0.266939262318307,215,-0.067816091954023,-0.0864145385921527,0.572460542135402,228,0.0294117647058824,0.073228735262541,0.632612762930058,242,0.129733520336606,0.196413337791194,0.19596182492657,258,0.111111111111111,0.155186259495209,0.308720799068974,279,0.25952380952381,0.173161970628728,0.255313906213377,300,1
15239060,59.797741,-150.865463,66.9,USGS,29,1996,2024,-0.00081983457436177,-0.175862068965517,0.359914302635359,0.00871932280920807,0.287684729064039,0.130120225895621,0.00123578191404478,0.0273672687465791,0.890384038518595,-0.0195572561255489,-0.224630541871921,0.240340792434898,-0.00584089075321371,-0.177339901477833,0.355838541486283,0.00381074096884017,0.29173341896448,0.124648684317317,0.00368543701121335,0.188446854490122,0.327586575704664,0.00433515122756146,0.207686628623669,0.279664963662906,0.00785277767658792,0.115270935960591,0.550055722523747,0.000195643876045071,-0.116024141784114,0.548935948547463,-0.0219812920620889,-0.413300492610837,0.0267221762778714,-0.0210582889323345,-0.378817733990148,0.043526492595509,0.0115766113697377,0.0568315418600981,0.0144998155055446,0.361083743842364,0.055018411769539,0.447290640394089,0.0157940949875873,0.302463054187192,0.110884475322192,-0.000909398305125397,-0.33743842364532,0.073961543954634,-0.876666666666667,-0.211606906368312,0.279711452659038,52,-0.442307692307692,-0.109240255618589,0.580022908204653,97,-0.25,-0.217320017662632,0.266627602431414,134,-0.281746031746032,-0.180572818460849,0.357819208816699,155,-0.488095238095238,-0.276636631324432,0.154136778820537,175,-0.240384615384615,-0.151444647297895,0.441723088274673,194,0.224747474747475,0.0240996907092492,0.903115312884267,220,0,0.00164519085608885,0.993370764614542,255,0.194444444444444,0.108737368946336,0.58177858982948,285,0.272727272727273,0.178009079102409,0.364799076527295,313,0.277777777777778,0.183595593483102,0.359313054784356,332,1
15266110,60.466099,-150.60109,3255.3,USGS,28,1997,2024,-0.00950777733371426,0.0136836343732895,0.945621518289796,-0.00821869655983792,-0.0317460317460317,0.872802728182384,-0.000554365673561942,-0.0979748221127531,0.618634073937268,0.0221654606215889,0.155446086480569,0.427926824059543,0.00515989327039,0.0311986863711002,0.874997280481863,-0.00738434921151624,-0.381499726327313,0.0460019250949223,-0.00842984770001052,-0.39463601532567,0.038579009605865,-0.0110173024536643,-0.261702719906993,0.178544957154192,-0.0398141160165285,-0.165047216544926,0.401296318488254,-0.0273381898859375,-0.189928845101259,0.331505918321952,0.0219278964122628,0.138120162549769,0.483357793853245,0.0119717963669053,0.0739219774862634,0.708525794728939,-0.00641704337851369,-0.0029803681076458,-0.00691547016677895,-0.224411603721949,0.249822621755241,-0.0290093048713738,0.883784539477806,-0.12096332785988,0.538234094578603,-3.2028621216478e-05,-0.0448823207443897,0.820450846090631,0.631578947368421,0.203389851848348,0.308905084105283,74,0.473684210526316,0.229042625955347,0.250480949907755,137,0.142857142857143,0.248662366315026,0.211042088746563,173,0.0952380952380952,0.131438302549285,0.513433641019022,190,0.1,0.100367497794415,0.618408018563186,205,0.166666666666667,0.16444733610394,0.412408656498981,220,0.142857142857143,0.137204050969931,0.494962960359058,236,0.1,0.144213780713268,0.472965037895407,253,-0.0588235294117647,-0.0819280861043217,0.684558265589879,272,-0.1875,-0.100244573684856,0.618840234542283,299,0.0625,0.0537815433646055,0.789910971568137,322,24
15266300,60.476929,-151.081668,5192.1,USGS,52,1973,2024,0.00535132847612892,0.225049090753863,0.1086420317481,0.0020390551131003,0.134978229317852,0.339017154195313,0.0046881896864324,0.268895007638464,0.0539099337080305,0.00956724376494931,0.259711431742508,0.0632200816973578,0.00511143141969387,0.0618116622556134,0.662481750513011,0.00167104348443712,0.181499794165863,0.197842180499588,0.00189220656733073,0.202464091139174,0.150021841228182,0.00302399028921262,0.277471736789893,0.0464223451446133,0.00424806107105966,0.159533821753372,0.258601454625039,0.0126464852510493,0.204302911295142,0.145981529514463,0.00638796224528017,0.213863334647741,0.127915033069698,0.00118597320303867,0.132678762127299,0.34842093919425,0.00111033100585079,-0.00505430254184844,0.00159465375383335,0.112268419704602,0.426991458991572,-0.170579697771707,0.225941403588955,0.104670024758815,0.459095069052254,-6.37661655815076e-05,-0.126867583027405,0.369037364832591,0,-0.0138805860888341,0.922197687173566,70,0,-0.000683410339171327,0.996163513643268,127,-0.0952380952380952,-0.159731698899232,0.258003594574395,169,-0.0990196078431373,-0.182909708318923,0.194322183893375,189,-0.0879227053140097,-0.174276294495189,0.216586272346702,204,-0.0690476190476191,-0.109931468540297,0.437859794291887,220,-0.0113636363636364,-0.0447930602036936,0.752523505527646,235,0.0303308823529412,0.0602901554075151,0.671145395611716,252,0,0.0178243370842776,0.900192239196232,271,0.0722996515679442,0.137354796252692,0.331541121903141,298,0.0963995354239257,0.171763265838998,0.22338870935842,322,38
15271000,60.820273,-149.427443,604.8,USGS,40,1979,2024,-0.0141411933579496,-0.203189493433396,0.207837788345432,0.00162719511320439,0.054786809948165,0.737046601622146,0.0129090722460021,0.197570850202429,0.227111016139244,-0.0417696882518178,-0.275609756097561,0.0853700965972308,-0.00966454298046821,-0.162476547842401,0.315293129066374,-0.00211155355961674,-0.149767755462066,0.356322356604827,-0.00233611793453864,-0.122439566234018,0.45165482367704,-0.0047122632649911,-0.1522075810523,0.348450865826346,-0.00586807547813273,-0.0249542661750203,0.878521544329778,-0.0279752147038068,-0.256109573901525,0.110678855615897,-0.0376828737071045,-0.247091932457786,0.124117635049157,-0.0232080089720142,-0.118011257035647,0.46692728262746,0.00105116435423062,0.00661828035825471,0.00225885086972974,0.0784240150093809,0.629412699366097,0.248217636022514,0.122371489435911,0.0846153846153846,0.602510626727716,-0.000184797038823768,-0.156472795497186,0.333694781855141,-0.0801282051282051,-0.0876371258411843,0.606012598315509,85,-0.195238095238095,-0.297107155599771,0.0741360822060186,128,-0.196774193548387,-0.405775860619782,0.012711169402932,149,-0.233926128590971,-0.45592222412971,0.00456945568645625,162,-0.237468671679198,-0.483841670408126,0.00241311958294675,174,-0.246212121212121,-0.410305605628741,0.0116592349507042,187,-0.140873015873016,-0.252610460266811,0.131448338181639,204,0.0405844155844156,0.0611458191215627,0.719216270201469,228,0.232706766917293,0.210201713977383,0.211763920546466,258,0.217391304347826,0.323407686447827,0.0508762106994369,290,0.230769230769231,0.251261247868035,0.133591471249045,316,5
15283700,61.682802,-149.045541,128.6,USGS,22,1998,2024,0.0320763334005735,0.442123094297007,0.0406766978215586,0.00340834539360377,0.424054206662902,0.0504314645541976,0.0222533996686358,0.502255639097744,0.025553189143731,0.0719526008782836,0.407792207792208,0.0676535667740987,0.0423740010047253,0.513269339356296,0.015756417743786,-0.000726894230085585,0.0266974359335104,0.906120633976764,-0.000262727202610452,0.0175439046005724,0.938233358302866,-5.62642494113651e-05,0.137443636780833,0.541899417062655,0.00389445550345157,0.103925448933801,0.645337032167873,0.0348057513752022,0.298701298701299,0.176522706003259,0.0912043092044791,0.496329757199322,0.0200645510667464,0.127323957196021,0.515527950310559,0.0152443056202023,-0.0118629647297494,-0.0049995478794056,-0.0119135897763957,-0.409373235460192,0.0596380629777528,-0.0909090909090909,0.686711997331862,-0.370976849237719,0.0899310454229187,0.00142296321430812,0.366459627329193,0.0941460065476206,0.454545454545455,0.245059501232993,0.311921385726594,95,0,0.0290366533120578,0.906068081498513,134,0.0909090909090909,0.0573200263210365,0.815698520190303,156,-0.130434782608696,-0.0679323035398166,0.782297405061113,168,-0.2,-0.0210711231341847,0.931768128562068,181,-0.166666666666667,-0.0448352731199789,0.855382166608059,199,0.208333333333333,0.112329980098542,0.647061650585922,219,0.181818181818182,0.1237384937023,0.613774045790877,239,-0.461538461538462,-0.257356393767982,0.287472907123348,258,-0.75,-0.380660260018644,0.107873366430795,285,-0.636363636363636,-0.419157062088062,0.0740443838183042,311,45
15284000,61.608631,-149.073043,5345.4,USGS,30,1973,2024,0.00450479243186665,0.166184649610679,0.37852941376968,0.00168803500507063,0.386874304783092,0.0355025124766019,-7.51974689335855e-05,0.114778325123153,0.551773627205334,0.0259189430525212,0.266009852216749,0.162663828226796,0.00310953943085026,0.0567296996662959,0.765340941490929,0.00028993676514369,0.377824894853604,0.0395415983076035,0.000270246589932552,0.308497837024386,0.0971860920707264,0.00047605892579008,0.264411332672878,0.157956641654715,-0.00777033570065252,-0.0543006595292761,0.775652208727902,0.00109379034041267,0.0453888088246397,0.811754141536011,0.0329461729399295,0.303927023796362,0.102504431871842,0.0317666433611919,0.189565025091142,0.315712868853449,0.00136210594900002,0.0027485888319663,0.00226142258387403,0.0651835372636263,0.731453116044552,0.0246941045606229,0.897200161419951,0.082091212458287,0.665221389174679,-0.000634139782968387,-0.30055617352614,0.106707301318131,-0.483333333333333,-0.173704980540526,0.416936484423882,111,-0.0294117647058824,-0.0618737851867482,0.773950043453885,146,0.0625,0.0501748257082288,0.81589362969114,165,0,0.0139985127370283,0.948237385040645,178,0,0.0237271539828598,0.912370756680292,189,0.166666666666667,0.232549409586834,0.274167664891215,201,0.15,0.210251943046318,0.324076972689944,213,0,-0.037941738070977,0.860281390148027,227,-0.0839160839160839,-0.085571572079259,0.690951004012097,243,-0.0801282051282051,-0.0374320134555257,0.862140824183045,268,0.112121212121212,0.0732828349207084,0.733627763358902,296,47
15290000,61.709743,-149.231938,162.2,USGS,52,1973,2024,-0.00758503118737448,-0.0915222402458806,0.517637956896338,0.00153497627943341,0.27917698283958,0.0453811327448408,0.00252819750192603,0.104434389140271,0.464656198211783,0.0131728863023904,0.0244246634824142,0.868894796740624,0.000465653320857807,-0.0392726030905831,0.78170365651629,0.00105277764320105,0.239184147744975,0.0876847201020704,0.000963679791241955,0.185700735469834,0.187485996608501,0.000619226046822522,0.113509199888894,0.423002380304613,0.00105256194108435,0.0905539555418902,0.523191242539112,-0.00828560765870568,-0.0522496371552975,0.712243806444882,-0.0294660488288948,-0.0931443695039699,0.510216700885269,-0.046251527175807,-0.107743532826774,0.44595287743932,0.00377035247053254,0.00769681942126039,0.00458156029516422,0.145991633228037,0.300783469072964,0.306923930675318,0.0272916683133819,0.144369503969948,0.306231075305758,0.000103848791443531,0.0167668825161887,0.910883046236327,-0.166666666666667,-0.125940227389184,0.39369089516603,120,-0.0860314523589269,-0.154853519502954,0.293289775170198,144,-0.0851449275362319,-0.147529758687568,0.31698999177927,158,-0.0689746300211417,-0.119858797906528,0.417108329227908,168,0,0.0178775316091965,0.904004828656063,180,0.0983870967741936,0.0647404004544275,0.661987675044995,195,0.22967032967033,0.21095788263274,0.150069080708128,211,0.211323763955343,0.2463261374626,0.0914634170278175,229,0.101724137931034,0.077547595103398,0.600352706594951,250,0,-0.0467731597803758,0.752241750796108,274,0,-0.0399965525514733,0.789526365471658,301,1
15292000,62.76729,-149.693379,15838.5,USGS,48,1973,2024,0.0122328170574461,0.3891663048198,0.00659018827494805,0.00181676007651602,0.482726721025054,0.000589268150053355,0.0169472370809794,0.563612679114199,4.15400192606062e-05,0.00306718097949068,0.0986756404689535,0.503424133684434,0.0143211924694341,0.482631350412505,0.000595614476201771,0.00300101257728712,0.386966476417467,0.00658652006258786,0.00500849110525,0.370418436898499,0.00955317291405417,0.00722696755875276,0.471761190487724,0.000711937925745137,0.0191326005456836,0.490607040909579,0.000399948954992458,0.0201999591310315,0.547152417141179,5.7162992076553e-05,0.00875135088324086,0.165440877201535,0.261115107723307,0.00596777468624834,0.0718627876682588,0.626415115579163,0.00365800450831474,-0.000906211736522487,0.00383387634061933,0.396005210594876,0.005642017923131,-0.156180448301002,0.289122174423487,0.238710377768129,0.102262389167339,-0.00011709712431331,-0.180959617889709,0.217666236287324,-0.324264705882353,-0.362661895924479,0.0155472327012939,109,-0.2,-0.432318602206622,0.003382420453592,136,-0.137949260042283,-0.449466847471071,0.00220782214493861,153,-0.0909090909090909,-0.294480755229203,0.0523312812248682,168,-0.04,-0.12803248008169,0.407535229254399,182,0,-0.0264190334602341,0.864830312505944,196,0.0769230769230769,0.164501055863018,0.285947656054607,212,0.0976190476190476,0.270361033038378,0.0759038523162997,229,0.104714912280702,0.223761651267163,0.144255942149223,248,0.0308349146110057,0.0598850210200071,0.699390385075025,273,-0.0333333333333333,-0.0712497286434745,0.645806053989527,297,121
15292700,62.346439,-150.019201,5219,USGS,52,1973,2024,0.00416932665240773,0.196448390677026,0.162379631426574,0.000428219151207086,0.151199521898745,0.283722799544399,0.00777604142556645,0.338427388371894,0.0145163973699421,-0.0056885645161087,-0.147016135917357,0.297375591332855,0.0131829051330506,0.373772731153419,0.0066461825818169,0.000480641030987861,0.109937359187141,0.437835095224079,0.00059451276883825,0.169294713320584,0.230213658770584,0.000657612087654126,0.216891502907263,0.122477883783237,0.00989804026680882,0.514850086550875,9.41878870557997e-05,0.0161246655188673,0.374207594373516,0.00627751277700848,-0.000280977272451299,-0.0436286019607787,0.758760620397303,-0.00532334965825843,-0.085295310640417,0.547694337026395,0.00033529754639255,-0.00297680817434251,-0.00375135454435762,0.0229659352855801,0.871394687662904,-0.197306354231621,0.16090469604896,-0.243234013489285,0.0824049048434014,-0.000515619154573621,-0.417314095449501,0.00226216848302198,-0.149074074074074,-0.122087217152471,0.388569760965614,117,-0.125,-0.259458176802051,0.063247547509969,140,-0.088562091503268,-0.201030621658743,0.152990285771162,157,0,-0.0265846252848411,0.851600022623611,172,0.0377492877492878,0.0772092694518341,0.586412026374803,186,0.0833333333333333,0.159398398097112,0.259011155775889,201,0.149468085106383,0.278532216279818,0.0455586114754601,216,0.175735294117647,0.319856627008372,0.0208030048513985,232,0.179029304029304,0.352486390277293,0.0103812669233366,250,0.142857142857143,0.197030331150613,0.161502986834996,275,0.0526315789473684,0.0786954656034077,0.579204292436989,298,32
15294005,61.780303,-149.886679,430,USGS,40,1978,2024,0.000887430361754676,-0.00112570356472796,0.994933664147248,-0.00167035502572699,-0.322889305816135,0.0426437582685052,0.000813463505470095,0.104048582995951,0.527120539693667,-0.00441509437909448,-0.0150093808630394,0.926867624054066,0.00879518718552328,0.208255159474672,0.196541158226151,-0.000306446626353324,-0.0233534350534957,0.886261827688074,-0.000840527233583251,-0.190781568803011,0.238312159284578,-0.00212427191211719,-0.290253408749998,0.0692402476238519,0.00476644927036625,0.0659536544792008,0.685961840467,0.00466140774805452,0.0611632270168856,0.706879714560293,0.0052973275556459,0.0767390591397242,0.637894015603,-0.00456824715856731,0.0120080679338444,0.941376397410872,-0.0015793527120763,0.00672511672936773,-0.00555891611403705,-0.139399624765478,0.389605286804914,0.256285178236398,0.110397353283846,-0.260412757973734,0.104628809460385,-0.00018750175881429,-0.128330206378987,0.428635920485105,0.142857142857143,0.052534839983281,0.757471946085997,98,0,-0.00261112302933244,0.987762760730823,134,-0.0336700336700337,-0.100029941619031,0.555824298749001,152,-0.0363756613756614,-0.060516198090358,0.721992053815379,165,-0.0455486542443064,-0.0507831268173768,0.765327647635707,181,-0.0769230769230769,-0.0614362893644091,0.717936876825595,200,0.0833333333333333,0.0776077338295222,0.647989868693193,221,0.117647058823529,0.102609753154874,0.545626302995105,242,-0.0322916666666667,-0.0431842597604422,0.799663922457343,262,-0.0627450980392157,-0.0526721788956291,0.756857038781005,285,-0.0616698292220114,-0.082453463004141,0.627564210998452,308,4
15297610,55.176906,-162.689511,77.8,USGS,36,1981,2024,0.0149995166690154,0.203603603603604,0.232715574335149,0.0300339777898975,0.310682110682111,0.0655646527745011,0.0484662416674997,0.46401833460657,0.00618176656083692,0.00181359241419434,0.0466004583651642,0.793087621727213,-0.00568725492501849,0.0934362934362935,0.586526211358626,0.0301892433598139,0.4197515394366,0.0108168803239529,0.0348180220604374,0.493528361308227,0.00222297830943965,0.0347096706294952,0.482075055649352,0.00290843772635609,0.0216401111969846,0.366164569608129,0.0280658774160499,0.0166531599898091,0.20952380952381,0.219186563609275,-0.00404530578076865,-0.0133848133848134,0.938507504105389,-0.00930471394946906,0.0317909776062129,0.853966022284915,0.00507830768365826,0.0040635098154351,0.00420582226038637,0.399227799227799,0.0164826416391185,0.0970398970398971,0.572105110276042,0.383783783783784,0.0214939272460343,-0.000841720582683501,-0.254826254826255,0.133442376709385,-0.0909090909090909,-0.100834013651395,0.570431889977547,29,-0.368421052631579,-0.270175398633467,0.122260950698158,56,-1,-0.384774189448213,0.0246414062161952,111,-0.826086956521739,-0.509363368788814,0.00209270222962249,151,-0.526315789473684,-0.415602567948871,0.0145081242785953,182,-0.416666666666667,-0.277765078358126,0.111714781737805,209,-0.208333333333333,-0.11593766204589,0.513789725983762,239,0,-0.0322728848175236,0.856218571242297,268,0,-0.0289057266025045,0.871087571549512,298,0,0.0122389761555365,0.945230020580885,329,0,-0.0217375063097591,0.902880338634774,344,1
15300300,59.75795,-153.846887,330.4,USGS,29,1996,2024,0.0166552182542839,0.121182266009852,0.529640270874375,0.0120123660242966,0.0798029556650246,0.679713040697746,-0.00119807661737014,0.216748768472906,0.257577726722419,0.0140976382088919,0.106896551724138,0.579598090124917,0.0229070404834147,0.119211822660099,0.536404176273901,0.000455856636791077,0.0399457772726025,0.83699859924797,-0.00160762692619448,-0.06603425361696,0.733604259479778,0.00281648416739282,-0.05716398074304,0.768347310302943,0.0201992968410831,0.120689655172414,0.531327342021308,0.0374636312914976,0.18423645320197,0.337189531045107,0.0435465834201118,0.194875591033597,0.311045924076658,0.0556150933250735,0.142364532019704,0.459654232258572,-0.00517625988691505,0.0489088967287887,-0.00737248218349693,-0.0985221674876847,0.609833786785221,0.566995073891626,0.00160896946855489,-0.136453201970443,0.478670267399694,0.000961457180459145,0.206403940886699,0.281419337458813,0.270833333333333,0.0566657562978532,0.774566872129852,93,-0.105555555555556,-0.127653804734772,0.517411600546823,125,-0.177083333333333,-0.188048499964779,0.337922462640613,151,-0.0954545454545455,-0.122465826963926,0.534713347394793,164,-0.0477777777777778,-0.0907721651213866,0.645966604618984,180,-0.15587044534413,-0.0693056064332561,0.726014111444471,199,0.04,0.00219058083232777,0.99117320984507,221,-0.2,-0.0695604709107873,0.725044995244771,245,0,-0.00273935203293502,0.988962094646049,269,0.148351648351648,0.0531434294389394,0.788254950841969,293,0.1,0.0498630436407933,0.801058488143115,317,3
15302000,59.93483,-158.190006,3951.4,USGS,45,1973,2024,-0.000339530286796533,0.0213438735177866,0.889196285719727,0.0102963679834293,0.247562582345191,0.10110418166241,0.0178720247083022,0.421565296483481,0.00487058683370579,-0.0259647323100859,-0.134650856389987,0.376620181251094,-0.00755746510675816,-0.0627140974967062,0.681464853489019,0.00508498245113551,0.151555626407504,0.320314067889697,0.00650279013086888,0.199359978996879,0.189203550045816,0.00914337071950739,0.205136752627867,0.176438546876274,0.0101624092447136,0.236294156863602,0.118117048190557,-0.00628106567954352,-0.0565217391304348,0.711499891209468,-0.0188007881165481,-0.0154160353453988,0.919939670571378,-0.0196496072301165,-0.0617300218745242,0.687073758751312,0.00316194432611656,-0.00895006536804144,0.00586379497114255,0.291436100131752,0.0524625055673444,-0.4300395256917,0.00345567477600163,0.43596837944664,0.00299932637354451,-2.60981821607942e-05,-0.132938076416337,0.382764841410562,-0.210526315789474,-0.354069637014584,0.0231366328456189,47,-0.301162790697674,-0.30078858193096,0.0560122533050339,105,-0.253205128205128,-0.434346865155973,0.00454663455744834,153,-0.222222222222222,-0.422485183697899,0.00592835384084592,169,-0.164965986394558,-0.320045671095221,0.0413582725720731,183,-0.10960960960961,-0.180874847374904,0.257755320607567,201,-0.0762548262548263,-0.0910794585519194,0.571164776413752,222,0.0232558139534884,0.0179544195805698,0.911284935539088,248,0.157894736842105,0.139064533621832,0.38586832794844,276,0.0540540540540541,0.102662837251301,0.523001949450103,308,0.0697674418604651,0.175549264480515,0.272268030066483,331,30
15478040,63.240422,-145.469735,29.9,USGS,42,1973,2024,0.0443688654140819,0.371525808281339,0.0159233480262311,0.00571014684663059,0.806012478729438,0,0.0107260188570979,0.271428571428572,0.0862108016873193,0.156386230918198,0.449343339587242,0.00394851056154001,0.0525557327826159,0.370731707317073,0.0175598613593541,0.00298064606224824,0.659359259977971,2.04757210491211e-06,0.00325929746384589,0.657979541945655,2.18749019505763e-06,0.00390827083314494,0.670165630211398,1.20564145900342e-06,0.00550867902940696,0.439018717925906,0.0036308487043492,0.0342218912005843,0.334737865651082,0.030772125247632,0.122026043719806,0.285309132161089,0.0673327719494503,0.158279529011531,0.265548397770739,0.0891908866884936,0.00592205760629596,-0.00283082805242176,0.00762337023522672,0.344299489506523,0.0260985853272131,-0.376722332420227,0.0139280884782459,0.279636982416336,0.0731474600465097,-0.000116903005639082,-0.0230937525322097,0.884463035918084,-0.0975609756097561,-0.191746415510163,0.242248286348029,156,0,-0.013793131823513,0.933581669647999,167,0,-0.0349917080725931,0.832514276234906,180,0,0.0169457673615041,0.918446793978098,190,0,-0.02191119272566,0.894668617264612,198,0,-0.00994624662034288,0.952080143375554,206,0,-0.00933444325893973,0.955024647168641,214,0,0.016629514618544,0.919963840440911,222,0.0869565217391304,0.159757029308351,0.331308983243107,232,0.2,0.317603919876909,0.048809717232602,246,0.2,0.277533116146647,0.0871569109403675,262,1
15484000,64.472359,-146.926265,5737.3,USGS,52,1973,2024,0.00478828659889228,0.366088960983523,0.00793058720788441,0.00214721526386033,0.634850166481687,8.63932971289654e-07,0.00384441248104898,0.205839665329121,0.142923455018167,0.00915045607636633,0.288909758388116,0.0381538382692058,0.00644115343371909,0.391530777768292,0.00435156106688052,0.00164614490671024,0.561293454190651,1.49948118306571e-05,0.00170442951373243,0.553108167981479,2.11491850962334e-05,0.00188863351934759,0.595344930098677,3.2351813585319e-06,0.00484847981022201,0.547706572317564,2.64072525745941e-05,0.00542990601400795,0.294032271834714,0.0347512976528971,0.0062696750954612,0.223901304185386,0.110565079775983,0.0117469008889574,0.257150175019209,0.0659399175537226,0.00669024921308555,-0.000656753375542896,0.00712514535441435,0.41859472381115,0.00218708512495779,-0.160594224279394,0.255408445873419,0.323913600273201,0.0195596095527665,-0.000459277821568404,-0.201719457013575,0.155402039082841,-0.544155844155844,-0.445474196525369,0.000934916017995588,102,-0.111111111111111,-0.258294164515624,0.0644840220304743,126,0,0.000726480634758954,0.995921730284194,142,0.0851449275362319,0.0800273789352284,0.572779278577584,159,0.161290322580645,0.13213788274436,0.355319330124054,177,0.152173913043478,0.101967376122597,0.476465381123499,194,0.166666666666667,0.133508329486674,0.350307174715704,212,0.0909090909090909,0.149579870073972,0.294804609646233,231,0.157894736842105,0.238969550899702,0.0912497367407182,252,0.138888888888889,0.279449193326949,0.0493708412674165,280,0.181818181818182,0.259991954909455,0.0682398150674587,307,40
15493000,64.902374,-146.359366,2419,USGS,52,1973,2024,0.00604311953452012,0.362332451122684,0.00863389617216298,0.00247222804639936,0.626056518398361,1.30018232337336e-06,0.00367811385571342,0.16383505506702,0.245037379813276,0.00901859786514689,0.226415094339623,0.106470621996419,0.00895186977058851,0.386066763425254,0.00496859222095183,0.0020168840647568,0.590918920149578,3.98823079159187e-06,0.00202531167407801,0.608562129370816,1.69929218874598e-06,0.00227577400601566,0.611754247977027,1.4481785420322e-06,0.00543630451580618,0.535132508174308,4.36380782175496e-05,0.00883259653287305,0.352428925125928,0.0107546364056926,0.0108435786806513,0.259882182190728,0.0630420278978958,0.0156232981706625,0.272176214462563,0.0512477130379839,0.00585590375914477,0.00122402120317005,0.00565637891591999,0.4190215999317,0.00216255657667604,0.0864961796788433,0.542050671874661,0.243234013489285,0.0824049048434014,-0.0010174723692999,-0.354307180056348,0.0103208200090204,-0.581140350877193,-0.403706986842519,0.00299889663244291,99,-0.131884057971015,-0.283361871708208,0.0417894578996638,126,0.0286650286650287,0.0497383009020416,0.726214136795523,141,0.137949260042283,0.11916713139633,0.400100775066522,159,0.203448275862069,0.140132849321474,0.321759861422316,177,0.22953216374269,0.151517105117441,0.283607451992314,197,0.142857142857143,0.100903137313748,0.476616663217034,216,0.125,0.145426629702162,0.303632373915226,235,0.202941176470588,0.255308325235053,0.0677443149044398,256,0.197560975609756,0.249839961614905,0.0740551637352312,283,0.162280701754386,0.22212266496032,0.113500203832748,310,21
15511000,64.88569,-147.249648,886.7,USGS,52,1973,2024,0.00484119460605165,0.345257406300692,0.0125597257785034,0.00308509473042464,0.491419789976949,0.000258675317218293,0.00255185816409555,0.0865704772475028,0.540625125489333,0.00637741860160985,0.200461026210194,0.153840442288681,0.00737375166980919,0.357209937676086,0.00968025944417425,0.00284806218336854,0.56121328785022,1.50460670765561e-05,0.00288805020478513,0.591004350093217,3.97227074687769e-06,0.0028773519470709,0.525655030126996,6.28990910443337e-05,0.00462393704002215,0.446993074964246,0.000893576670925235,0.00660820884515345,0.319986339964142,0.0211571189883545,0.00715076586744592,0.217279945359857,0.121648818162455,0.00901268437395847,0.203107658157603,0.14839365703374,0.00945424557462604,5.94066706159086e-17,0.00858662308882458,0.481430888756083,0.000356029962657859,0.0102042996567798,0.942763209661447,0.306923930675318,0.0272916683133819,-0.00107313403856828,-0.53598565696235,5.53885323332686e-05,-1,-0.44523212922384,0.000941660722916141,87,-0.256231003039514,-0.390346570766552,0.00422503164402551,117,0,-0.0245252084937646,0.862981152061993,137,0.118823529411765,0.0557358918336261,0.694724022995388,157,0.222256097560976,0.128216645432205,0.365012966400252,177,0.210711768851304,0.106461125854118,0.452545149767879,198,0.214285714285714,0.141060422885945,0.318535072448768,218,0.253205128205128,0.236685911234352,0.0911477308066593,240,0.25,0.290708019927819,0.0365500855366911,262,0.240669240669241,0.314525386154195,0.0231523540135126,294,0.192928039702233,0.290776440109974,0.036503966004352,321,8
15564879,67.25429,-150.176061,230.2,USGS,30,1995,2024,-0.00727687454539056,-0.0100111234705228,0.958787783960458,0.000278675168871298,0.232330944547776,0.243555844071221,-0.0337959321938789,-0.186206896551724,0.323071206124957,0.00353315376601746,0.0375973303670745,0.843552806396892,0.0154059078253837,0.244493882091212,0.192187797535268,-0.0102190481661068,-0.0523781145952347,0.783404522834047,-0.012116303836196,-0.132402515430254,0.485512605846517,-0.0143217916449256,-0.159379263780992,0.400202459085081,-0.0149829386232487,0.0204694628032689,0.91450107430705,-0.00787461082344894,-0.0380422691879867,0.841713861526303,0.010645775290747,0.130589543937709,0.489961051957347,0.0102245548869614,0.174638487208009,0.354462014453722,1.52347528868608e-06,7.38609912429701e-18,-0.0252229120645016,-0.053615127919911,0.777939292697045,0.261355473683231,0.162997123599806,-0.0669632925472748,0.724380097458385,0.000444155808330062,0.0768472906403941,0.691011569867948,-0.217391304347826,-0.229622519838369,0.259140209433949,137,0,-0.0652029353938557,0.751655924762638,142,0,0.062532986997749,0.761530003148866,149,0.333333333333333,0.239562070135361,0.238511265723534,161,1.11764705882353,0.376048041780832,0.0583127402863974,179,1.5,0.42647061317575,0.0298102908685534,198,1.25,0.449042433921219,0.0213820952880863,214,1.0952380952381,0.374679350091002,0.0593088868954815,228,0.555555555555556,0.254707530842273,0.209217739038505,247,0.411764705882353,0.265229434792721,0.190366168062792,269,0.65,0.358474478517376,0.0721330898372571,286,1
15743850,66.94556,-156.911619,28.6,USGS,39,1986,2024,-0.0154646047052263,-0.135425101214575,0.409677354544223,0.00466188428045622,0.345922459893048,0.0492460849660988,-0.106367236526835,-0.341176470588235,0.0454791063411936,0.055476448680326,0.186842105263158,0.253742128958743,0.0105638475524679,0.0919028340080972,0.576662916969477,-0.0147844431306536,-0.294323252111606,0.0689467734734469,-0.0175319483820814,-0.355218014132099,0.0264805420402419,-0.0195238732384835,-0.303779700300274,0.0600967836656566,-0.0513591370337705,-0.409293387615883,0.00967267226723594,-0.0379861277091197,-0.216317442144787,0.18594398174414,0.00348654817991995,0.0504048582995951,0.759930586032354,0.10165892378987,0.210526315789474,0.197609992056302,-0.0171324642068531,0.00908161454386707,-0.0194902570227446,-0.411740890688259,0.0096917691544045,0.230839334329382,0.157401071268749,-0.371052631578947,0.0206235404959066,0.000375608538377906,0.0574898785425101,0.727344860661459,1.04761904761905,0.409347912258498,0.0339810196865384,119,0.393939393939394,0.364276603051901,0.0617566124601256,141,0.5,0.425929359359825,0.0267469144837538,153,0.523809523809524,0.308843835293538,0.117006587558591,169,-0.0476190476190476,-0.0155820413759628,0.938512258855221,188,0,0.0277905052825821,0.890558962147345,209,-0.105263157894737,-0.0216926458371246,0.914474060591641,228,-0.2,-0.105407926955042,0.600793300564601,243,-0.25,-0.154458173418312,0.441748158217338,260,-0.142857142857143,-0.120073377661831,0.550800239507711,285,-0.166666666666667,-0.072193496808006,0.720459080615364,308,87
15896000,70.281385,-148.962786,8654.5,USGS,52,1973,2024,0.00293929600369102,0.391872278664731,0.0043153498179007,2.09292393651796e-05,0.687549850793793,2.50144768247941e-08,0.00448750603558903,0.261817436805624,0.0607997056784158,0.00638631345757844,0.13933236574746,0.323552029943268,0.00717210900319409,0.53444890292837,5.86061797113485e-05,-0.000332315702680107,-0.134781138970453,0.340767198839349,-0.000359149067357262,-0.134781138970453,0.340767198839349,-0.00044078350941879,-0.145343924156225,0.30391041922293,-0.000802164828888836,0.482882372770299,0.000288177678680899,0.00585339126495015,0.45079080499479,0.000797306785827791,0.0144245529767954,0.373567266525512,0.00637437279692718,0.00469589674265584,0.176517043433092,0.210643925798476,-0.00361050605193754,0,0.0185508113554547,-0.113975924186801,0.419957385755577,0.126270183178211,0.372398112670481,0.132758473490993,0.347076745351104,-0.000363022525256044,-0.11534192777256,0.414378365953741,-0.0666666666666667,-0.147176849017968,0.307755580288658,151,-0.0833333333333333,-0.18976839320503,0.186849537501656,153,-0.0909090909090909,-0.230521974439606,0.10727058212863,155,-0.0666666666666667,-0.10752966748833,0.457313846198194,157,0.037037037037037,0.0876278574356125,0.545101707257943,161,0.0625,0.135918851218832,0.346622858883881,168,0.125,0.12673319392746,0.380477512992217,178,0.351351351351351,0.232929041176577,0.103551012503983,193,0.514285714285714,0.302375305945531,0.0328201342508943,213,0.472222222222222,0.431340559102125,0.0017634787460879,240,0.357142857142857,0.441993169923589,0.0013109578074652,254,68
15908000,69.014648,-148.820034,4821.9,USGS,43,1982,2024,0.010858954425396,0.499848988221081,0.000751444254912934,0.00274003906198412,0.833434007852613,0,0.0067196130708159,0.375577343813305,0.0147463135704501,0.0171978508236524,0.290170974799449,0.0626480334760488,0.00967930942192065,0.478707339172456,0.00132217876478838,0.00209608728948252,0.820959380019718,1.56848154801478e-11,0.00211628857415215,0.81409305180655,3.16449747554055e-11,0.00222991840599385,0.804385493019549,8.13871965575669e-11,0.00367703224218954,0.682578686657867,4.61169295256007e-07,0.017956616605762,0.469495620658411,0.00167398808067632,0.0259305881397133,0.349139232860163,0.0222645280653187,0.0305181914686237,0.340078526125038,0.0261773792000058,0.188373578609651,5.89272220762602e-16,0.158071432985165,0.769556025369979,3.36801203095346e-08,0.182658388536937,0.241048098064942,0.621564482029598,1.3598391642377e-05,-0.000502686183234215,-0.181913945385301,0.247987255539348,-0.263157894736842,-0.355705665524403,0.0207859363565953,146,-0.137931034482759,-0.269179995421736,0.0847407545607151,153,-0.111111111111111,-0.192477980413536,0.222005239195742,163,-0.0740740740740741,-0.102851170196062,0.516882425747713,173,0,-0.00900719048309549,0.954853692257836,184,0,-0.0064076597793848,0.967875045418644,195,0,0.0365260270887456,0.818364915803877,207,0.0416666666666667,0.104194843028912,0.511391582578839,220,0.0666666666666667,0.144110936241692,0.362545239913793,235,0.2,0.300248229316076,0.0533663265379441,255,0.333333333333333,0.403882153575782,0.00798931761041125,276,37
