signature,kind,category,function,module,function_family,category_source
Qann,annual,Flow Volume,calculate_flow_vols_by_year,flow_volumes.jl,Flow volumes & percentiles,colleague sheet (2026-09-10)
Qwin,annual,Flow Volume,calculate_flow_vols_by_year,flow_volumes.jl,Flow volumes & percentiles,colleague sheet (2026-09-10)
Qspr,annual,Flow Volume,calculate_flow_vols_by_year,flow_volumes.jl,Flow volumes & percentiles,colleague sheet (2026-09-10)
Qsum,annual,Flow Volume,calculate_flow_vols_by_year,flow_volumes.jl,Flow volumes & percentiles,colleague sheet (2026-09-10)
Qfal,annual,Flow Volume,calculate_flow_vols_by_year,flow_volumes.jl,Flow volumes & percentiles,colleague sheet (2026-09-10)
Q1,annual,Flow Volume,calculate_flow_vols_by_year,flow_volumes.jl,Flow volumes & percentiles,colleague sheet (2026-09-10)
Q5,annual,Flow Volume,calculate_flow_vols_by_year,flow_volumes.jl,Flow volumes & percentiles,colleague sheet (2026-09-10)
Q10,annual,Flow Volume,calculate_flow_vols_by_year,flow_volumes.jl,Flow volumes & percentiles,colleague sheet (2026-09-10)
Q20,annual,Flow Volume,calculate_flow_vols_by_year,flow_volumes.jl,Flow volumes & percentiles,colleague sheet (2026-09-10)
Q25,annual,Flow Volume,calculate_flow_vols_by_year,flow_volumes.jl,Flow volumes & percentiles,colleague sheet (2026-09-10)
Q30,annual,Flow Volume,calculate_flow_vols_by_year,flow_volumes.jl,Flow volumes & percentiles,colleague sheet (2026-09-10)
Q40,annual,Flow Volume,calculate_flow_vols_by_year,flow_volumes.jl,Flow volumes & percentiles,colleague sheet (2026-09-10)
Q50,annual,Flow Volume,calculate_flow_vols_by_year,flow_volumes.jl,Flow volumes & percentiles,colleague sheet (2026-09-10)
Q60,annual,Flow Volume,calculate_flow_vols_by_year,flow_volumes.jl,Flow volumes & percentiles,colleague sheet (2026-09-10)
Q70,annual,Flow Volume,calculate_flow_vols_by_year,flow_volumes.jl,Flow volumes & percentiles,colleague sheet (2026-09-10)
Q75,annual,Flow Volume,calculate_flow_vols_by_year,flow_volumes.jl,Flow volumes & percentiles,colleague sheet (2026-09-10)
Q80,annual,Flow Volume,calculate_flow_vols_by_year,flow_volumes.jl,Flow volumes & percentiles,colleague sheet (2026-09-10)
Q90,annual,Flow Volume,calculate_flow_vols_by_year,flow_volumes.jl,Flow volumes & percentiles,colleague sheet (2026-09-10)
Q95,annual,Flow Volume,calculate_flow_vols_by_year,flow_volumes.jl,Flow volumes & percentiles,colleague sheet (2026-09-10)
Q99,annual,Flow Volume,calculate_flow_vols_by_year,flow_volumes.jl,Flow volumes & percentiles,colleague sheet (2026-09-10)
Q95_Q10,annual,Flow Volume,calculate_flow_vols_by_year,flow_volumes.jl,Flow volumes & percentiles,colleague sheet (2026-09-10)
flashinessRB,annual,Flashiness,analyze_flashiness_trends,flashiness.jl,Flashiness,colleague sheet (2026-09-10)
D1_day,annual,Flow Timing,analyze_flow_timing_trends,timing.jl,Flow timing,colleague sheet (2026-09-10)
D5_day,annual,Flow Timing,analyze_flow_timing_trends,timing.jl,Flow timing,colleague sheet (2026-09-10)
D10_day,annual,Flow Timing,analyze_flow_timing_trends,timing.jl,Flow timing,colleague sheet (2026-09-10)
D20_day,annual,Flow Timing,analyze_flow_timing_trends,timing.jl,Flow timing,colleague sheet (2026-09-10)
D30_day,annual,Flow Timing,analyze_flow_timing_trends,timing.jl,Flow timing,colleague sheet (2026-09-10)
D40_day,annual,Flow Timing,analyze_flow_timing_trends,timing.jl,Flow timing,colleague sheet (2026-09-10)
D50_day,annual,Flow Timing,analyze_flow_timing_trends,timing.jl,Flow timing,colleague sheet (2026-09-10)
D60_day,annual,Flow Timing,analyze_flow_timing_trends,timing.jl,Flow timing,colleague sheet (2026-09-10)
D70_day,annual,Flow Timing,analyze_flow_timing_trends,timing.jl,Flow timing,colleague sheet (2026-09-10)
D80_day,annual,Flow Timing,analyze_flow_timing_trends,timing.jl,Flow timing,colleague sheet (2026-09-10)
D90_day,annual,Flow Timing,analyze_flow_timing_trends,timing.jl,Flow timing,colleague sheet (2026-09-10)
D95_day,annual,Flow Timing,analyze_flow_timing_trends,timing.jl,Flow timing,colleague sheet (2026-09-10)
D99_day,annual,Flow Timing,analyze_flow_timing_trends,timing.jl,Flow timing,colleague sheet (2026-09-10)
D25_to_D75,annual,Flow Timing,analyze_flow_timing_trends,timing.jl,Flow timing,colleague sheet (2026-09-10)
Dmax,annual,Flow Timing,analyze_flow_timing_trends,timing.jl,Flow timing,colleague sheet (2026-09-10)
FDCall,annual,Flow Duration,analyze_fdc_trends,fdc.jl,Flow duration curve,colleague sheet (2026-09-10)
FDC90th,annual,Flow Duration,analyze_fdc_trends,fdc.jl,Flow duration curve,colleague sheet (2026-09-10)
FDCmid,annual,Flow Duration,analyze_fdc_trends,fdc.jl,Flow duration curve,colleague sheet (2026-09-10)
BFI_Eckhardt,annual,Storage,analyze_baseflow_indices,baseflow.jl,Baseflow,colleague sheet (2026-09-10)
BFI_LyneHollick,annual,Storage,analyze_baseflow_indices,baseflow.jl,Baseflow,colleague sheet (2026-09-10)
log_a_pointcloud,annual,Storage,analyze_recession_parameters,recession.jl,Recession,colleague sheet (2026-09-10)
log_a_events,annual,Storage,analyze_recession_parameters,recession.jl,Recession,colleague sheet (2026-09-10)
b_pointcloud,annual,Storage,analyze_recession_parameters,recession.jl,Recession,colleague sheet (2026-09-10)
b_events,annual,Storage,analyze_recession_parameters,recession.jl,Recession,colleague sheet (2026-09-10)
concavity,annual,Storage,analyze_recession_parameters,recession.jl,Recession,colleague sheet (2026-09-10)
alpha_linear,annual,Storage,analyze_recession_parameters,recession.jl,Recession,colleague sheet (2026-09-10)
n_recession_events,annual,Storage,analyze_recession_parameters,recession.jl,Recession,colleague sheet (2026-09-10)
log_a_seasonality_amplitude_all,scalar,Storage,analyze_recession_parameters,recession.jl,Recession,inherited from producing function
log_a_seasonality_amplitude_first_half,scalar,Storage,analyze_recession_parameters,recession.jl,Recession,inherited from producing function
log_a_seasonality_amplitude_last_half,scalar,Storage,analyze_recession_parameters,recession.jl,Recession,inherited from producing function
log_a_seasonality_minimum_all,scalar,Storage,analyze_recession_parameters,recession.jl,Recession,inherited from producing function
log_a_seasonality_minimum_first_half,scalar,Storage,analyze_recession_parameters,recession.jl,Recession,inherited from producing function
log_a_seasonality_minimum_last_half,scalar,Storage,analyze_recession_parameters,recession.jl,Recession,inherited from producing function
recession_alpha_point_cloud_linear_reservoir,scalar,Storage,analyze_recession_parameters,recession.jl,Baseflow,inherited from producing function
BFI_Eckhardt_param,annual,Storage,analyze_baseflow_indices_with_parameters,baseflow.jl,Baseflow,colleague sheet (2026-09-10)
BFI_LyneHollick_param,annual,Storage,analyze_baseflow_indices_with_parameters,baseflow.jl,Baseflow,colleague sheet (2026-09-10)
n_high_pulses_year,annual,Flashiness,calculate_pulse_metrics,pulses.jl,Pulses & reversals,colleague sheet (2026-09-10)
n_low_pulses_year,annual,Flashiness,calculate_pulse_metrics,pulses.jl,Pulses & reversals,colleague sheet (2026-09-10)
dur_high_pulses_year,annual,Flashiness,calculate_pulse_metrics,pulses.jl,Pulses & reversals,colleague sheet (2026-09-10)
dur_low_pulses_year,annual,Flashiness,calculate_pulse_metrics,pulses.jl,Pulses & reversals,colleague sheet (2026-09-10)
n_high_pulses_all,annual,Flashiness,calculate_pulse_metrics,pulses.jl,Pulses & reversals,colleague sheet (2026-09-10)
n_low_pulses_all,annual,Flashiness,calculate_pulse_metrics,pulses.jl,Pulses & reversals,colleague sheet (2026-09-10)
dur_high_pulses_all,annual,Flashiness,calculate_pulse_metrics,pulses.jl,Pulses & reversals,colleague sheet (2026-09-10)
dur_low_pulses_all,annual,Flashiness,calculate_pulse_metrics,pulses.jl,Pulses & reversals,colleague sheet (2026-09-10)
TQmean,annual,Flow Volume,calculate_pulse_metrics,pulses.jl,Pulses & reversals,colleague sheet (2026-09-10)
Flow_Reversals_annual,annual,Flashiness,calculate_pulse_metrics,pulses.jl,Pulses & reversals,colleague sheet (2026-09-10)
Flow_Reversals_winter,annual,Flashiness,calculate_pulse_metrics,pulses.jl,Pulses & reversals,colleague sheet (2026-09-10)
Flow_Reversals_spring,annual,Flashiness,calculate_pulse_metrics,pulses.jl,Pulses & reversals,colleague sheet (2026-09-10)
Flow_Reversals_summer,annual,Flashiness,calculate_pulse_metrics,pulses.jl,Pulses & reversals,colleague sheet (2026-09-10)
Flow_Reversals_fall,annual,Flashiness,calculate_pulse_metrics,pulses.jl,Pulses & reversals,colleague sheet (2026-09-10)
drought_duration_fixed_p2,annual,Drought,calculate_drought_metrics,drought.jl,Streamflow drought,colleague sheet (2026-09-10)
drought_duration_fixed_p5,annual,Drought,calculate_drought_metrics,drought.jl,Streamflow drought,colleague sheet (2026-09-10)
drought_duration_fixed_p10,annual,Drought,calculate_drought_metrics,drought.jl,Streamflow drought,colleague sheet (2026-09-10)
drought_duration_fixed_p20,annual,Drought,calculate_drought_metrics,drought.jl,Streamflow drought,colleague sheet (2026-09-10)
drought_duration_fixed_p30,annual,Drought,calculate_drought_metrics,drought.jl,Streamflow drought,colleague sheet (2026-09-10)
drought_deficit_fixed_p2,annual,Drought,calculate_drought_metrics,drought.jl,Streamflow drought,colleague sheet (2026-09-10)
drought_deficit_fixed_p5,annual,Drought,calculate_drought_metrics,drought.jl,Streamflow drought,colleague sheet (2026-09-10)
drought_deficit_fixed_p10,annual,Drought,calculate_drought_metrics,drought.jl,Streamflow drought,colleague sheet (2026-09-10)
drought_deficit_fixed_p20,annual,Drought,calculate_drought_metrics,drought.jl,Streamflow drought,colleague sheet (2026-09-10)
drought_deficit_fixed_p30,annual,Drought,calculate_drought_metrics,drought.jl,Streamflow drought,colleague sheet (2026-09-10)
drought_threshold_fixed_p2,scalar,Drought,calculate_drought_metrics,drought.jl,Streamflow drought,inherited from producing function
drought_threshold_fixed_p5,scalar,Drought,calculate_drought_metrics,drought.jl,Streamflow drought,inherited from producing function
drought_threshold_fixed_p10,scalar,Drought,calculate_drought_metrics,drought.jl,Streamflow drought,inherited from producing function
drought_threshold_fixed_p20,scalar,Drought,calculate_drought_metrics,drought.jl,Streamflow drought,inherited from producing function
drought_threshold_fixed_p30,scalar,Drought,calculate_drought_metrics,drought.jl,Streamflow drought,inherited from producing function
negative_ann,annual,Flow Volume,calculate_negative_days,pulses.jl,Negative flow days,colleague sheet (2026-09-10)
annual_runoff_ratio,annual,Storage,analyze_Q_PPT_relationships,runoff_ratios.jl,Runoff ratios,colleague sheet (2026-09-10)
winter_runoff_ratio,annual,Storage,analyze_Q_PPT_relationships,runoff_ratios.jl,Runoff ratios,colleague sheet (2026-09-10)
spring_runoff_ratio,annual,Storage,analyze_Q_PPT_relationships,runoff_ratios.jl,Runoff ratios,colleague sheet (2026-09-10)
summer_runoff_ratio,annual,Storage,analyze_Q_PPT_relationships,runoff_ratios.jl,Runoff ratios,colleague sheet (2026-09-10)
fall_runoff_ratio,annual,Storage,analyze_Q_PPT_relationships,runoff_ratios.jl,Runoff ratios,colleague sheet (2026-09-10)
runoff_ratio_high_count,scalar,Storage,analyze_Q_PPT_relationships,runoff_ratios.jl,Runoff ratios,inherited from producing function
elasticity_rolling,annual,Flashiness,calculate_streamflow_elasticity,elasticity.jl,Elasticity,colleague sheet (2026-09-10)
elasticity_annual,annual,Flashiness,calculate_streamflow_elasticity,elasticity.jl,Elasticity,colleague sheet (2026-09-10)
elasticity_static,scalar,Flashiness,calculate_streamflow_elasticity,elasticity.jl,Elasticity,inherited from producing function
elasticity_years_total,scalar,Flashiness,calculate_streamflow_elasticity,elasticity.jl,Elasticity,inherited from producing function
elasticity_years_low_ppt,scalar,Flashiness,calculate_streamflow_elasticity,elasticity.jl,Elasticity,inherited from producing function
qp_slope_sd,annual,Precipitation Streamflow,calculate_qp_seasonality,qp_seasonality.jl,Q-P seasonality,colleague sheet (2026-09-10)
qp_bimodality,annual,Precipitation Streamflow,calculate_qp_seasonality,qp_seasonality.jl,Q-P seasonality,colleague sheet (2026-09-10)
avg_storage,annual,Storage,calculate_average_storage,storage.jl,Storage,colleague sheet (2026-09-10)
swe_max,annual,Snow,calculate_snow_metrics,snow.jl,Snow,colleague sheet (2026-09-10)
swe_max_dowy,annual,Snow,calculate_snow_metrics,snow.jl,Snow,colleague sheet (2026-09-10)
snow_cover_days,annual,Snow,calculate_snow_metrics,snow.jl,Snow,colleague sheet (2026-09-10)
snow_on_dowy,annual,Snow,calculate_snow_metrics,snow.jl,Snow,colleague sheet (2026-09-10)
snow_off_dowy,annual,Snow,calculate_snow_metrics,snow.jl,Snow,colleague sheet (2026-09-10)
melt_season_days,annual,Snow,calculate_snow_metrics,snow.jl,Snow,colleague sheet (2026-09-10)
melt_rate,annual,Snow,calculate_snow_metrics,snow.jl,Snow,colleague sheet (2026-09-10)
ssm,annual,Snow,calculate_snow_metrics,snow.jl,Snow,colleague sheet (2026-09-10)
swe_apr1,annual,Snow,calculate_snow_metrics,snow.jl,Snow,colleague sheet (2026-09-10)
melt_before_peak,annual,Snow,calculate_snow_metrics,snow.jl,Snow,colleague sheet (2026-09-10)
melt_before_peak_pct,annual,Snow,calculate_snow_metrics,snow.jl,Snow,colleague sheet (2026-09-10)
melt_before_peak_to_max_swe,annual,Snow,calculate_snow_metrics,snow.jl,Snow,colleague sheet (2026-09-10)
melt_com_dowy,annual,Snow,calculate_snow_metrics,snow.jl,Snow,colleague sheet (2026-09-10)
swe_max_to_ppt,annual,Snow,calculate_snow_metrics,snow.jl,Snow,colleague sheet (2026-09-10)
season_excluded_years_winter,scalar,Flow Volume,calculate_all_signatures,signatures.jl,Flow volumes & percentiles,inherited: seasonal-completeness diagnostic of calculate_flow_vols_by_year
season_excluded_years_spring,scalar,Flow Volume,calculate_all_signatures,signatures.jl,Flow volumes & percentiles,inherited: seasonal-completeness diagnostic of calculate_flow_vols_by_year
season_excluded_years_summer,scalar,Flow Volume,calculate_all_signatures,signatures.jl,Flow volumes & percentiles,inherited: seasonal-completeness diagnostic of calculate_flow_vols_by_year
season_excluded_years_fall,scalar,Flow Volume,calculate_all_signatures,signatures.jl,Flow volumes & percentiles,inherited: seasonal-completeness diagnostic of calculate_flow_vols_by_year
ice_affected_days_total,scalar,(none: preprocessing diagnostic),run_julia_benchmark.jl,io.jl / runner,(preprocessing diagnostic),"preprocess_daily_data na_cause_ice, written by the runner; not a signature"
